<Rimm x-schema="http://www.trustedcomputinggroup.org/XML/SCHEMA/2_0/integrity_report# Integrity_Report_Manifest_v17.xsd http://www.trustedcomputinggroup.org/XML/SCHEMA/1_0/simple_object# SimpleObject_v4.xsd http://www.trustedcomputinggroup.org/XML/SCHEMA/2_0/core_integrity# Core_Integrity_Manifest_v14.xsd" xmlns:bs="bios_assertions_v02.xsd" xmlns:xsi="http://www.w3.org/2001/XMLSchema-instance" xmlns:so="http://www.trustedcomputinggroup.org/XML/SCHEMA/1_0/simple_object#" xmlns:rimm="http://www.trustedcomputinggroup.org/XML/SCHEMA/2_0/rimm#" xmlns:ds="http://www.w3.org/2000/09/xmldsig#" xmlns:core="http://www.trustedcomputinggroup.org/XML/SCHEMA/2_0/core_integrity#" xmlns="http://www.trustedcomputinggroup.org/XML/SCHEMA/2_0/rimm#" UUID="66A0E802-2356-4772-A356-754510D30718" RevLevel="1" Id="i80995D5D-47B6-485b-8DFC-8901B1F2BDE3">
	<core:ComponentID VersionBuild="1.17.0" ModelName="Latitude 5290, Latitude 5490, Latitude 5490 mobile thin client, Latitude 5590" ModelNumber="0x0815, 0x0816, 0x0817" Id="i">
		<core:VendorID Name="Dell"><core:TcgVendorId>Dell</core:TcgVendorId></core:VendorID></core:ComponentID>
	<core:Collector>
		<core:ComponentID VersionMinor="1" VersionMajor="1" VersionBuild="1" SimpleName="RIMM Creator" MfgDate="2014-03-27T12:51:35" Id="i06FE9D39-C740-4194-B3B1-25431E591759">
			<core:VendorID Name="Dell Inc.">
				<core:SmiVendorId>674</core:SmiVendorId>
			</core:VendorID></core:ComponentID></core:Collector>
	<core:DigestMethod Id="SHA1" Algorithm="http://www.w3.org/2000/09/xmldsig#sha1"/>
	<core:DigestMethod Id="SHA256" Algorithm="http://www.w3.org/2001/04/xmlenc#sha256"/>
	<core:Values Id="i8B135AE2-9022-47AD-9273-F891C03C7958">
		<so:SimpleObject>
			<so:Objects Name="FV_DXE_PCR0_SHA1">
				<so:Hash Id="iA464B9E8-AB2A-4D8D-B305-7A92C2A8172C" AlgRef="SHA1">4Q2ZZpAfzOowjm+uNM64kbVdBPk=
</so:Hash></so:Objects></so:SimpleObject></core:Values>
	<core:Values Id="i2BFD8377-247C-4B8E-A97C-4894FB97E15B">
		<so:SimpleObject>
			<so:Objects Name="FV_DXE_PCR0_SHA256">
				<so:Hash Id="i1FC81BB2-5B0C-4EDD-9AA8-40E1824A7618" AlgRef="SHA256">n3zgsPm6aByirjjeMyMxLbDc9X07aFW0cikMNhTwlzM=
</so:Hash></so:Objects></so:SimpleObject></core:Values>
	<bs:AssertionInfo Id="i5256F58D-46D9-404f-A550-17BDF23E16D9">
		<bs:BiosIntegrityInfo RTM="Clas1" RTS="Clas1" RTR="Clas1" SignaturePresent="None" UpdateMechanism="Capsule" Virtualization="None" LockDown="Chipset"/>
	</bs:AssertionInfo>
</Rimm>
